series,geo,year,value,unit,published_on,source_url,retrieved_on,confidence,note
tal_recommended_unheated_old_method,Quebec,2021,0.8,percent,2021-01-20,https://newswire.ca/fr/news-releases/le-calcul-de-l-augmentation-des-loyers-en-2021-873582110.html,2026-10-04,high,"Unheated dwelling, old method; verified in the TAL release of 20 Jan 2021 distributed by CNW."
tal_recommended_unheated_old_method,Quebec,2022,1.28,percent,2022-01-19,https://www.tal.gouv.qc.ca/sites/default/files/COMMUNIQUE_FIXATION_2022_FR.pdf,2026-10-04,high,"Typical unheated dwelling, old 9-component method; read in the official TAL 2022 release (pdftotext)."
tal_recommended_unheated_old_method,Quebec,2023,2.3,percent,2023-01-17,https://www.tal.gouv.qc.ca/sites/default/files/COMMUNIQUE_FIXATION_2023_FR.pdf,2026-10-04,high,Old method; 2.3% read in the official TAL 2023 release (pdftotext).
tal_recommended_unheated_old_method,Quebec,2024,4.0,percent,2024-01-16,https://www.tal.gouv.qc.ca/sites/default/files/COMMUNIQUE_FIXATION_2024_FR.pdf,2026-10-04,high,Old method; read in the official TAL 2024 release (pdftotext).
tal_recommended_unheated_old_method,Quebec,2025,5.9,percent,2025-01-21,https://www.tal.gouv.qc.ca/sites/default/files/COMMUNIQUE_FIXATION_2025_FR.pdf,2026-10-04,high,Old method; 5.9% read in the image of Tableau 2 (page 2) of the official TAL 2025 release (row 'Logement non chauffé'); not extractable by pdftotext.
tal_base_percentage_new_format,Quebec,2025,4.5,percent,2026-01-19,https://www.tal.gouv.qc.ca/fr/reconduction-du-bail-et-fixation-de-loyer/pourcentages-applicables-aux-criteres-de-fixation-de-loyer,2026-10-04,high,2025 base percentage shown in the 2026 three-component format (leases starting 2025-04-02..2026-04-01).
tal_base_percentage_new_format,Quebec,2026,3.1,percent,2026-01-19,https://www.quebec.ca/nouvelles/actualites/details/le-calcul-de-lajustement-des-loyers-en-2026-68053,2026-10-04,high,Base percentage for leases starting 2026-04-02..2027-04-01. New method from 2026-01-01 (3-year moving average of Quebec CPI).
on_rent_guideline,Ontario,2017,1.5,percent,2016-06-30,https://www.ontario.ca/page/rent-increase-guideline,2026-10-04,high,Official yearly table. Announcement date approximated to end of June of the previous year.
on_rent_guideline,Ontario,2018,1.8,percent,2017-06-30,https://www.ontario.ca/page/rent-increase-guideline,2026-10-04,high,Official yearly table.
on_rent_guideline,Ontario,2019,1.8,percent,2018-06-30,https://www.ontario.ca/page/rent-increase-guideline,2026-10-04,high,Official yearly table.
on_rent_guideline,Ontario,2020,2.2,percent,2019-06-30,https://www.ontario.ca/page/rent-increase-guideline,2026-10-04,high,Official yearly table.
on_rent_guideline,Ontario,2021,0.0,percent,2020-10-01,https://www.ontario.ca/page/rent-increase-guideline,2026-10-04,high,"Official yearly table (2021 freeze, announced autumn 2020)."
on_rent_guideline,Ontario,2022,1.2,percent,2021-06-30,https://www.ontario.ca/page/rent-increase-guideline,2026-10-04,high,Official yearly table.
on_rent_guideline,Ontario,2023,2.5,percent,2022-06-30,https://www.ontario.ca/page/rent-increase-guideline,2026-10-04,high,Official yearly table.
on_rent_guideline,Ontario,2024,2.5,percent,2023-06-30,https://www.ontario.ca/page/rent-increase-guideline,2026-10-04,high,Official yearly table.
on_rent_guideline,Ontario,2025,2.5,percent,2024-06-30,https://www.ontario.ca/page/rent-increase-guideline,2026-10-04,high,Official yearly table.
on_rent_guideline,Ontario,2026,2.1,percent,2025-06-30,https://www.ontario.ca/page/rent-increase-guideline,2026-10-04,high,Official yearly table; based on Ontario CPI. Does not apply to units first occupied after 2018-11-15.
on_rent_guideline,Ontario,2027,1.9,percent,2026-06-30,https://www.ontario.ca/page/rent-increase-guideline,2026-10-04,high,Official yearly table (page updated 2026-06-23); not usable for a 2026 forecast.
cmhc_montreal_avg_rent_change_2bed,Montreal CMA,2025,7.2,percent,2025-12-11,https://www.cmhc-schl.gc.ca/professionals/housing-markets-data-and-research/market-reports/rental-market-reports-major-centres,2026-10-04,high,"CMHC Rental Market Report 2025: average 2-bedroom rent 1,346 dollars, +7.2% (purpose-built)."
cmhc_montreal_turnover_rent_change_2bed,Montreal CMA,2025,17.2,percent,2025-12-11,https://www.cmhc-schl.gc.ca/professionals/housing-markets-data-and-research/market-reports/rental-market-reports-major-centres,2026-10-04,high,"CMHC Rental Market Report 2025: 2-bed units with a change of tenant, average rent +17.2%."
cmhc_montreal_nonturnover_rent_change_2bed,Montreal CMA,2025,6.0,percent,2025-12-11,https://www.cmhc-schl.gc.ca/professionals/housing-markets-data-and-research/market-reports/rental-market-reports-major-centres,2026-10-04,high,"CMHC Rental Market Report 2025: 2-bed units without a change of tenant, +6.0%."
cmhc_ottawa_avg_rent_change,Ottawa CMA,2025,3.4,percent,2025-12-11,https://www.cmhc-schl.gc.ca/professionals/housing-markets-data-and-research/market-reports/rental-market-reports-major-centres,2026-10-04,medium,CMHC 2025 report coverage: Ottawa rent growth 3.4% in 2025 after almost 5% in 2024.
cmhc_ottawa_avg_rent_change,Ottawa CMA,2024,4.9,percent,2024-12-10,https://www.cmhc-schl.gc.ca/professionals/housing-markets-data-and-research/market-reports/rental-market-reports-major-centres,2026-10-04,low,Almost five per cent in 2024 per the same coverage.
cmhc_asking_rent_index_2bed_q4_2025,Montreal CMA,2025,99.0,index_Q1_2024_eq_100,2026-06-09,https://www.cmhc-schl.gc.ca/observer/2026/2026-mid-year-rental-market-update,2026-10-04,high,"CMHC 2026 Mid-Year Rental Market Update: 2-bed asking rent index, Q4 2025 = 99.0 (Q1 2024 = 100): no growth during 2025."
cmhc_asking_rent_index_2bed_q4_2025,Ottawa CMA,2025,104.4,index_Q1_2024_eq_100,2026-06-09,https://www.cmhc-schl.gc.ca/observer/2026/2026-mid-year-rental-market-update,2026-10-04,high,Same source: Ottawa asking rents declining since Q2 2025.
