propriété,chambres,unités 2026,contractuel,effectif,effectif bas (10 %),effectif haut (90 %),2025 réalisé (effectif),estimation reportée à la propriété
Daniel-Johnson (dj1),1,21,5.167169904885777,5.145877012441047,3.2476418302907595,7.002545616268918,4.761711823340498,False
Daniel-Johnson (dj1),2,32,5.00281448402052,6.157308414983231,4.51597268819266,7.864637680380692,3.8644166624086207,False
Daniel-Johnson (dj1),3,3,5.010986954754783,5.767752430376872,4.294098833779292,7.222563073243582,3.9826280777171874,True
Daniel-Johnson (dj1),toutes,56,5.010986954754783,5.767752430376872,4.294098833779292,7.222563073243582,3.9826280777171874,False
Daniel-Johnson (dj2),0,12,4.757321904466574,5.390165455738105,3.943681484463135,6.81802629031626,3.3845468585879557,True
Daniel-Johnson (dj2),1,33,4.735155750769598,4.727407066576861,3.0720927878729043,6.4583759535667085,4.578583938915348,False
Daniel-Johnson (dj2),2,26,5.115162582831411,6.093818210251367,4.370453774918848,7.868172073364221,3.2641394100876298,False
Daniel-Johnson (dj2),3,1,4.757321904466574,5.390165455738105,3.943681484463135,6.81802629031626,3.3845468585879557,True
Daniel-Johnson (dj2),toutes,72,4.757321904466574,5.390165455738105,3.943681484463135,6.81802629031626,3.3845468585879557,False
Le Carlyle (carlyle),1,69,4.8312985506471975,6.311635478155053,4.8979457508318,7.737425664669306,2.9208610295688553,False
Le Carlyle (carlyle),2,107,4.791269957704151,6.4892811799303285,5.147602351353342,7.8285539932710035,3.5822100096702947,False
Le Carlyle (carlyle),3,5,4.791269957704151,6.415351225520194,5.1247219724074755,7.707736737508575,3.5336324796115592,True
Le Carlyle (carlyle),toutes,181,4.791269957704151,6.415351225520194,5.1247219724074755,7.707736737508575,3.5336324796115592,False
Levesque (levesque),1,9,4.640159839967891,5.834376194245827,4.427283607031729,7.297481133732875,3.2432740474516386,True
Levesque (levesque),2,64,4.732391034519841,5.800272154201281,4.3569783663111705,7.28066935654007,3.307399770162134,False
Levesque (levesque),3,2,4.640159839967891,5.834376194245827,4.427283607031729,7.297481133732875,3.2432740474516386,True
Levesque (levesque),toutes,75,4.640159839967891,5.834376194245827,4.427283607031729,7.297481133732875,3.2432740474516386,False
Saint-Elzear (stelz1),1,9,5.063629785598362,5.458414695786051,3.8664111275694024,7.075988569817837,3.685866453301778,True
Saint-Elzear (stelz1),2,26,5.183066328821974,5.60990853483021,3.8679568146512744,7.399681382816359,3.685866453301778,False
Saint-Elzear (stelz1),3,2,5.063629785598362,5.458414695786051,3.8664111275694024,7.075988569817837,3.685866453301778,True
Saint-Elzear (stelz1),toutes,37,5.063629785598362,5.458414695786051,3.8664111275694024,7.075988569817837,3.685866453301778,False
Saint-Elzear (stelz2),1,23,4.934246975276119,5.545390832697561,3.7562749745567725,7.478785901642437,4.514720986023657,False
Saint-Elzear (stelz2),2,89,4.504894521996302,4.874063195328571,3.5259300686202755,6.369655682242614,4.188972897840082,False
Saint-Elzear (stelz2),3,1,4.553420165309034,5.0415889017010995,3.70200963694729,6.461501226630184,4.207109367485895,True
Saint-Elzear (stelz2),toutes,113,4.553420165309034,5.0415889017010995,3.70200963694729,6.461501226630184,4.207109367485895,False
Saint-Elzear (stelz3),1,47,4.620083731780298,5.191083609585934,3.7094985242957845,6.755828797733887,,False
Saint-Elzear (stelz3),2,72,4.9191996130793925,5.9635616365479205,4.510543893190977,7.445281370341361,,False
Saint-Elzear (stelz3),3,5,4.714759222735275,5.490364101950096,4.17437909063697,6.903953626453363,,True
Saint-Elzear (stelz3),toutes,124,4.714759222735275,5.490364101950096,4.17437909063697,6.903953626453363,,False
The Met (metcalfe),0,37,4.733968632760647,6.531988905171016,5.01078859352031,8.163460646318876,3.227392754381664,False
The Met (metcalfe),1,47,5.239362723063829,7.070399021972951,5.491113462857311,8.622155385954699,3.176509420877638,False
The Met (metcalfe),2,37,4.997023447156985,6.9709766212174396,5.393998776583109,8.585403390083645,3.716979557431821,False
The Met (metcalfe),toutes,121,4.869398391301679,6.849192407083748,5.5425829272541804,8.147457459098328,3.388047008342898,False
Westpark (wsp1),1,62,4.611013759267954,6.372775716596513,4.946001074946837,7.8902364864431025,4.184738516634045,False
Westpark (wsp1),2,96,4.648414117275032,6.4147139437017,5.111942317250162,7.774334329194799,3.4068485036072294,False
Westpark (wsp1),3,3,4.5982379872901475,6.389255230390822,5.134302390278256,7.696301855992238,3.682224213877383,True
Westpark (wsp1),toutes,161,4.5982379872901475,6.389255230390822,5.134302390278256,7.696301855992238,3.682224213877383,False
