png,page,patient,page_type,font,sha256
dossiers_specimen_10_patientes-01.png,1,1,1,Caveat-Regular,4434209ee4bca0d638a1b396f8cf7bbaa3435fd7c67a67a454d4f814c8a34db7
dossiers_specimen_10_patientes-02.png,2,1,2,Caveat-Regular,59269a18cf56729fe81caa5d3a97071d3aaa3b2f4760fe514f95c7f5527c5814
dossiers_specimen_10_patientes-03.png,3,1,3,Caveat-Regular,653fbc540b1e801ce51fd824427135b01db73c98a261b3645638e797a78afe78
dossiers_specimen_10_patientes-04.png,4,1,4,Caveat-Regular,f6c9c1fc1f444b44662f0fef1e3f308d277921eb4cdec076c601a70724e5fcb9
dossiers_specimen_10_patientes-05.png,5,1,5,Caveat-Regular,e9b1ea314860ce922f9b14b6008d8292cac593abb1fe2d20986057d641750967
dossiers_specimen_10_patientes-06.png,6,1,6,Caveat-Regular,e43cbfec65aacbbfa7d2bf5f5f3f2264042d8b5327c5f090aa771dd1141bba54
dossiers_specimen_10_patientes-07__1O_M-H0E7z.png,7,1,7,Caveat-Regular,e631adc80d7f4de7ceb40c16a9dc714a175346459fcedf4dceaca0f9fd87c8f5
dossiers_specimen_10_patientes-07__1qaWGv8qLJ.png,7,1,7,Caveat-Regular,e631adc80d7f4de7ceb40c16a9dc714a175346459fcedf4dceaca0f9fd87c8f5
dossiers_specimen_10_patientes-08.png,8,1,8,Caveat-Regular,4b2cb2278bed946f3568b4c0412db11b3553d2fdd874169199ba4a3f5b3a7c7a
dossiers_specimen_10_patientes-09.png,9,2,1,ShadowsIntoLight,21457e975edc05c5703a4cdc9fc8f672d0cbb248a08604d205e27751ce77f95a
dossiers_specimen_10_patientes-10__1U_S1pqftP.png,10,2,2,ShadowsIntoLight,154bd3c9362a0dde2da77aff9479b044aace1c812c32940a198b9c9324131d2a
dossiers_specimen_10_patientes-10__1YQQbSs_NO.png,10,2,2,ShadowsIntoLight,154bd3c9362a0dde2da77aff9479b044aace1c812c32940a198b9c9324131d2a
dossiers_specimen_10_patientes-11.png,11,2,3,ShadowsIntoLight,4448119c5f9ad22b4889f256962394fb4060d3f833a77337bc87c6063288a292
dossiers_specimen_10_patientes-12__1D4u3zWyes.png,12,2,4,ShadowsIntoLight,51942ad751d480a94ff717856133e5a83a77c68b5ab03bfc8a41c498aed112a8
dossiers_specimen_10_patientes-12__1MSer0e6h1.png,12,2,4,ShadowsIntoLight,51942ad751d480a94ff717856133e5a83a77c68b5ab03bfc8a41c498aed112a8
dossiers_specimen_10_patientes-13.png,13,2,5,ShadowsIntoLight,e4bcc05189e4402e67d1ef0b44da9a063681c8006a76e8124eded3756b29b083
dossiers_specimen_10_patientes-14__1NRsJ9Ddo8.png,14,2,6,ShadowsIntoLight,dbb7fd0f83862cf8c790241b8cb17cb0502cb841d8ff74d26fa6f10f8484be4d
dossiers_specimen_10_patientes-14__1pnAIEwOi1.png,14,2,6,ShadowsIntoLight,dbb7fd0f83862cf8c790241b8cb17cb0502cb841d8ff74d26fa6f10f8484be4d
dossiers_specimen_10_patientes-15__1jUDWVMcE-.png,15,2,7,ShadowsIntoLight,1d81c80619746259afcd05afd47dc529ff70fb9318ea7e146f76d84d35bfaebd
dossiers_specimen_10_patientes-15__1NMe1Ym5MK.png,15,2,7,ShadowsIntoLight,1d81c80619746259afcd05afd47dc529ff70fb9318ea7e146f76d84d35bfaebd
dossiers_specimen_10_patientes-16__1CB60L7TiS.png,16,2,8,ShadowsIntoLight,853c1f7f087692f6ed0bbcabab1dd34cb92183b4396afd4a12b11741e36f2a11
dossiers_specimen_10_patientes-16__1OBRq_dz53.png,16,2,8,ShadowsIntoLight,853c1f7f087692f6ed0bbcabab1dd34cb92183b4396afd4a12b11741e36f2a11
dossiers_specimen_10_patientes-17__1JAXyAcTm1.png,17,3,1,NanumPen-Regular,6a2a5eea3dd959d3a69be33b177c9353aaf0c7348e4cb8f45bc3ad19b4b0b8ed
dossiers_specimen_10_patientes-17__1oBPaU3YTV.png,17,3,1,NanumPen-Regular,6a2a5eea3dd959d3a69be33b177c9353aaf0c7348e4cb8f45bc3ad19b4b0b8ed
dossiers_specimen_10_patientes-18__1baIjVKeMw.png,18,3,2,NanumPen-Regular,9dc958cfa6d12c218c0ea7ea1eb62c0b246239b93823878b23bf9a8d439312b1
dossiers_specimen_10_patientes-18__1YDapV3RjJ.png,18,3,2,NanumPen-Regular,9dc958cfa6d12c218c0ea7ea1eb62c0b246239b93823878b23bf9a8d439312b1
dossiers_specimen_10_patientes-19__1CnJAvJyYe.png,19,3,3,NanumPen-Regular,c1fe6e59b224556ab4983c671da7785476fb118c27d5f03afb5787c0d6477065
dossiers_specimen_10_patientes-19__1yUclbTmix.png,19,3,3,NanumPen-Regular,c1fe6e59b224556ab4983c671da7785476fb118c27d5f03afb5787c0d6477065
dossiers_specimen_10_patientes-20__18kYVBTwE4.png,20,3,4,NanumPen-Regular,7151338c987432e1facb57236e23fa1c4b58e38bc16f350134d3dd21e19072e0
dossiers_specimen_10_patientes-20__1Fe9vKiY1J.png,20,3,4,NanumPen-Regular,7151338c987432e1facb57236e23fa1c4b58e38bc16f350134d3dd21e19072e0
dossiers_specimen_10_patientes-21__1uKoGpOPgd.png,21,3,5,NanumPen-Regular,0def8ed3a474e2d38d05cdbcacf1fcb6b5c355b35da743eb0e9879a61187a81b
dossiers_specimen_10_patientes-21__1YGNHKDIuK.png,21,3,5,NanumPen-Regular,0def8ed3a474e2d38d05cdbcacf1fcb6b5c355b35da743eb0e9879a61187a81b
dossiers_specimen_10_patientes-22.png,22,3,6,NanumPen-Regular,138939d7684b547ed8c4d23c8c1297602ae6c9bdd880ffd6e50ffc96037d4394
dossiers_specimen_10_patientes-23__1M0bYiZmc7.png,23,3,7,NanumPen-Regular,eeda3f9c183c0a0cf03746173cc0d209b73a001cfda708aac457bb18b192705a
dossiers_specimen_10_patientes-23__1Ot9b8mqEv.png,23,3,7,NanumPen-Regular,eeda3f9c183c0a0cf03746173cc0d209b73a001cfda708aac457bb18b192705a
dossiers_specimen_10_patientes-24__11w0IP6pSn.png,24,3,8,NanumPen-Regular,b4aba6bea2cd4986395a1b2a41f3f3fe4f46b49f1e196b2e4100f585fd81d44b
dossiers_specimen_10_patientes-24__1sK7jnFhTK.png,24,3,8,NanumPen-Regular,b4aba6bea2cd4986395a1b2a41f3f3fe4f46b49f1e196b2e4100f585fd81d44b
dossiers_specimen_10_patientes-25__1-CjNUosOk.png,25,4,1,Gaegu-Regular,bb0c8fa6d4f33095170db7fcebf5acc0226a3481816b58eff987022daffca0f3
dossiers_specimen_10_patientes-25__1y1StxYt4T.png,25,4,1,Gaegu-Regular,bb0c8fa6d4f33095170db7fcebf5acc0226a3481816b58eff987022daffca0f3
dossiers_specimen_10_patientes-26__17ANHGh7D9.png,26,4,2,Gaegu-Regular,fcef16919b55baf473ba8c2dd45c4a351e371fbe2cd350e1e5394c3535a8a6ae
dossiers_specimen_10_patientes-26__1sByprDs4N.png,26,4,2,Gaegu-Regular,fcef16919b55baf473ba8c2dd45c4a351e371fbe2cd350e1e5394c3535a8a6ae
dossiers_specimen_10_patientes-27__1IYSy5g-zc.png,27,4,3,Gaegu-Regular,c93854f7a91edc442e2ad61079dd37bbaffc9ebd6b097c13ced2d304f624eb3d
dossiers_specimen_10_patientes-27__1v5jkynbxz.png,27,4,3,Gaegu-Regular,c93854f7a91edc442e2ad61079dd37bbaffc9ebd6b097c13ced2d304f624eb3d
dossiers_specimen_10_patientes-28__1OtF9rNsnr.png,28,4,4,Gaegu-Regular,753805031f5edce98140abbebf58b5e10e8fd6a2db2fb012f31aae6c61b1693e
dossiers_specimen_10_patientes-28__1xE6UA-qzN.png,28,4,4,Gaegu-Regular,753805031f5edce98140abbebf58b5e10e8fd6a2db2fb012f31aae6c61b1693e
dossiers_specimen_10_patientes-29__1IIeCj5Sjq.png,29,4,5,Gaegu-Regular,6c56a24cfd5ef47b4ad17dbe17e1990f23cef513431ddf335912c7de45f016cf
dossiers_specimen_10_patientes-29__1mN4qfTcFX.png,29,4,5,Gaegu-Regular,6c56a24cfd5ef47b4ad17dbe17e1990f23cef513431ddf335912c7de45f016cf
dossiers_specimen_10_patientes-30__1kKkGMBMD5.png,30,4,6,Gaegu-Regular,065e2111d89a6998c064cb8e5180034efe5eac6203b0a0c7cb29bfdd7789b77f
dossiers_specimen_10_patientes-30__1MEUrnbu5W.png,30,4,6,Gaegu-Regular,065e2111d89a6998c064cb8e5180034efe5eac6203b0a0c7cb29bfdd7789b77f
dossiers_specimen_10_patientes-31__1kEzf9yMpL.png,31,4,7,Gaegu-Regular,c9a01810a226a7fa5449b22659d2a88415f729620b9d9afcb0f066d474d9ff4b
dossiers_specimen_10_patientes-31__1Nue3NqAua.png,31,4,7,Gaegu-Regular,c9a01810a226a7fa5449b22659d2a88415f729620b9d9afcb0f066d474d9ff4b
dossiers_specimen_10_patientes-32__1Bx-67ocGy.png,32,4,8,Gaegu-Regular,940ad93e464178311da23d18804023c012d2eb3b301ab77f9ddbd41eda6407c3
dossiers_specimen_10_patientes-32__1csOqNdzZT.png,32,4,8,Gaegu-Regular,940ad93e464178311da23d18804023c012d2eb3b301ab77f9ddbd41eda6407c3
dossiers_specimen_10_patientes-33__15ITQvlEdR.png,33,5,1,ReenieBeanie,be19418d61ef7eba39ad0701de717238f37624ddcc0226b62eddc10b66d3e764
dossiers_specimen_10_patientes-33__1NG6kKSvcL.png,33,5,1,ReenieBeanie,be19418d61ef7eba39ad0701de717238f37624ddcc0226b62eddc10b66d3e764
dossiers_specimen_10_patientes-34__1-TNB7bUpy.png,34,5,2,ReenieBeanie,d3067c11a7be02f981a536b2e7c87541414f5d38828fbe3013aebb86ae66ac2e
dossiers_specimen_10_patientes-34__12oVhijHWY.png,34,5,2,ReenieBeanie,d3067c11a7be02f981a536b2e7c87541414f5d38828fbe3013aebb86ae66ac2e
dossiers_specimen_10_patientes-35__1dlbkeq5N9.png,35,5,3,ReenieBeanie,719016a3e535bbecac4c628ae67fb504ada4e99645bfb80dd34709beae013790
dossiers_specimen_10_patientes-35__1G4fXy_5Gm.png,35,5,3,ReenieBeanie,719016a3e535bbecac4c628ae67fb504ada4e99645bfb80dd34709beae013790
dossiers_specimen_10_patientes-36__10YoYqH4k6.png,36,5,4,ReenieBeanie,26a0de6f4ab51e0a137fc06c3802bfe6ce1141b3e9551ec4b60f40d2e77e7a5f
dossiers_specimen_10_patientes-36__1RkGX7Zoyd.png,36,5,4,ReenieBeanie,26a0de6f4ab51e0a137fc06c3802bfe6ce1141b3e9551ec4b60f40d2e77e7a5f
dossiers_specimen_10_patientes-37__1ClQJtts9I.png,37,5,5,ReenieBeanie,66925e2c56f75ca1b17a5e621c1df50b49d63b4262fef126d91dfc683b876a34
dossiers_specimen_10_patientes-37__1WUTegRE-Q.png,37,5,5,ReenieBeanie,66925e2c56f75ca1b17a5e621c1df50b49d63b4262fef126d91dfc683b876a34
dossiers_specimen_10_patientes-38__1CXcCUFyrj.png,38,5,6,ReenieBeanie,2fb813c119e90504357ba7bf6338cd891f2eb53b6e9b1f78917b12caab5c0a6f
dossiers_specimen_10_patientes-38__1IM4rRG5Yr.png,38,5,6,ReenieBeanie,2fb813c119e90504357ba7bf6338cd891f2eb53b6e9b1f78917b12caab5c0a6f
dossiers_specimen_10_patientes-39__17KgDI_D25.png,39,5,7,ReenieBeanie,6f6f40c0f5ee95578c84af8109e25a88cf23e3ce4cb8ab96a9c8049f96f60eaa
dossiers_specimen_10_patientes-39__1YErqisjMy.png,39,5,7,ReenieBeanie,6f6f40c0f5ee95578c84af8109e25a88cf23e3ce4cb8ab96a9c8049f96f60eaa
dossiers_specimen_10_patientes-40__1s1Z5scO-G.png,40,5,8,ReenieBeanie,dcc4ebf1c1c166b497859f55bc77918bde5a8a6367df901a82f89176c77a60e2
dossiers_specimen_10_patientes-40__1WnbGI6FRA.png,40,5,8,ReenieBeanie,dcc4ebf1c1c166b497859f55bc77918bde5a8a6367df901a82f89176c77a60e2
dossiers_specimen_10_patientes-41__1PEcVIoFXJ.png,41,6,1,Caveat-Regular,5f01cd01c2491bad27742bc412cdcb97a92074602af32a83d28cb4019b16feda
dossiers_specimen_10_patientes-41__1soPpS91RH.png,41,6,1,Caveat-Regular,5f01cd01c2491bad27742bc412cdcb97a92074602af32a83d28cb4019b16feda
dossiers_specimen_10_patientes-42__1h8zxWGG4P.png,42,6,2,Caveat-Regular,d2beb125ed44daf83c563be80577337e69b3277f18ff18f15bcf20b5841f4ee3
dossiers_specimen_10_patientes-42__1RrCOGAZgm.png,42,6,2,Caveat-Regular,d2beb125ed44daf83c563be80577337e69b3277f18ff18f15bcf20b5841f4ee3
dossiers_specimen_10_patientes-43.png,43,6,3,Caveat-Regular,c0ec5c164b86e49585a1cdbc0abb39d7a0b28125c549568b5a4bdcd04bfda998
dossiers_specimen_10_patientes-44__1iKRCirxp9.png,44,6,4,Caveat-Regular,fd153ff7ea57a47afd0170834f56b3b3acf5d6d4adef70f0270d224d0b0a8f1c
dossiers_specimen_10_patientes-44__1XxzcLjCYe.png,44,6,4,Caveat-Regular,fd153ff7ea57a47afd0170834f56b3b3acf5d6d4adef70f0270d224d0b0a8f1c
dossiers_specimen_10_patientes-45__1CU3r5Tdou.png,45,6,5,Caveat-Regular,830eef1f264f71e1d5672bb3df01adc173e3fb139e542638fe288592dc907fd0
dossiers_specimen_10_patientes-45__1jejwmzfhf.png,45,6,5,Caveat-Regular,830eef1f264f71e1d5672bb3df01adc173e3fb139e542638fe288592dc907fd0
dossiers_specimen_10_patientes-46__13tFG11aaA.png,46,6,6,Caveat-Regular,50ff16998e1c6ef7392f3b1b3a993f57a64a499d40e657ee2d7016178dff5d2a
dossiers_specimen_10_patientes-46__14c_tFYKBo.png,46,6,6,Caveat-Regular,50ff16998e1c6ef7392f3b1b3a993f57a64a499d40e657ee2d7016178dff5d2a
dossiers_specimen_10_patientes-47__1IqdH6NkRH.png,47,6,7,Caveat-Regular,644e0e0697880d866b76332070419dd36279fbbfdb8ef463ac75562ac1b26ff6
dossiers_specimen_10_patientes-47__1IUs1h6KZQ.png,47,6,7,Caveat-Regular,644e0e0697880d866b76332070419dd36279fbbfdb8ef463ac75562ac1b26ff6
dossiers_specimen_10_patientes-48__1JY9DkRr_Z.png,48,6,8,Caveat-Regular,1486749fc689d774b86d67b5408cc2d79871b6e515ebe9b864bb46acb3573421
dossiers_specimen_10_patientes-48__1yPzNR2jPe.png,48,6,8,Caveat-Regular,1486749fc689d774b86d67b5408cc2d79871b6e515ebe9b864bb46acb3573421
dossiers_specimen_10_patientes-49__1hm5RSPNCf.png,49,7,1,ShadowsIntoLight,dedeb8c5adfa1a75fd9a69e8f5fd1e7291aab60013a9e6c06ff3e4404e84b58a
dossiers_specimen_10_patientes-49__1SVq0XRfj2.png,49,7,1,ShadowsIntoLight,dedeb8c5adfa1a75fd9a69e8f5fd1e7291aab60013a9e6c06ff3e4404e84b58a
dossiers_specimen_10_patientes-50__1JrJI1k9zk.png,50,7,2,ShadowsIntoLight,3a7b07df754e435a7a914c840ded67f540cb7ec809b586362b3153f68391e4f9
dossiers_specimen_10_patientes-50__1xXF5g-WKK.png,50,7,2,ShadowsIntoLight,3a7b07df754e435a7a914c840ded67f540cb7ec809b586362b3153f68391e4f9
dossiers_specimen_10_patientes-51__1ArSWOxwYZ.png,51,7,3,ShadowsIntoLight,387b0a9aa82973898bea79ed4a39d2a906f3aad507fc9bea7eefec0f5c09532c
dossiers_specimen_10_patientes-51__1CBmi9gojK.png,51,7,3,ShadowsIntoLight,387b0a9aa82973898bea79ed4a39d2a906f3aad507fc9bea7eefec0f5c09532c
dossiers_specimen_10_patientes-52__13GPlkmxU-.png,52,7,4,ShadowsIntoLight,082cab4b53c8f45de01106db5e1f521c34cfb1fc2d3c26601d8d846f3abd8dfc
dossiers_specimen_10_patientes-52__1hTETTbfnm.png,52,7,4,ShadowsIntoLight,082cab4b53c8f45de01106db5e1f521c34cfb1fc2d3c26601d8d846f3abd8dfc
dossiers_specimen_10_patientes-53__1Djbws5jOt.png,53,7,5,ShadowsIntoLight,df895b522c2fe5b4cb798f28e752fc4c0ff99c0cc3221478ced1ecedb63fd366
dossiers_specimen_10_patientes-53__1dTvG8Cvh5.png,53,7,5,ShadowsIntoLight,df895b522c2fe5b4cb798f28e752fc4c0ff99c0cc3221478ced1ecedb63fd366
dossiers_specimen_10_patientes-54__155-coOlhB.png,54,7,6,ShadowsIntoLight,1857c36da7dad67cdedcdb7fd4c36991abbf9bc5634cbbbb106ab20595829e04
dossiers_specimen_10_patientes-54__1fIE23rXM4.png,54,7,6,ShadowsIntoLight,1857c36da7dad67cdedcdb7fd4c36991abbf9bc5634cbbbb106ab20595829e04
dossiers_specimen_10_patientes-55__1t5UQZZmWv.png,55,7,7,ShadowsIntoLight,7d8157d1cb472c2687b41c10f0e82f1af5514ddd77a4b25cbdfa770d9c447070
dossiers_specimen_10_patientes-55__1vzizet8Xd.png,55,7,7,ShadowsIntoLight,7d8157d1cb472c2687b41c10f0e82f1af5514ddd77a4b25cbdfa770d9c447070
dossiers_specimen_10_patientes-56__14R5jqMZgt.png,56,7,8,ShadowsIntoLight,8035acac8f8a46ebba2031884dfe6bb2cb5fe0631b4a58027c3c7a2f9e07d3ae
dossiers_specimen_10_patientes-56__1FD_HmSh0t.png,56,7,8,ShadowsIntoLight,8035acac8f8a46ebba2031884dfe6bb2cb5fe0631b4a58027c3c7a2f9e07d3ae
dossiers_specimen_10_patientes-57.png,57,8,1,NanumPen-Regular,11c1e7b5f582a0b80ea8260f50e589efbd742a748e7edba041c2034fe4c31de5
dossiers_specimen_10_patientes-58.png,58,8,2,NanumPen-Regular,f8915926bcadfeb49878e50f41fdbc3e6f7a8e059425cd7271859a640c0c34c8
dossiers_specimen_10_patientes-59.png,59,8,3,NanumPen-Regular,0b1db595367e35cb969818957a04959eb06f11c6649fae09bbc077a2cce9d8bb
dossiers_specimen_10_patientes-60.png,60,8,4,NanumPen-Regular,32040f00a6ccb08f4cfbeae6d17e4ca192966af4fc638c7e7e9d1d9e42cd19b1
dossiers_specimen_10_patientes-61.png,61,8,5,NanumPen-Regular,beb8dedf03e5da3b83837f975b401930cad3b2bf7ad4fe6a80652504daca6a65
dossiers_specimen_10_patientes-62.png,62,8,6,NanumPen-Regular,99562ed7a6228e3f953869e7d16fa9df6532ee6c192cc5e4835696e9ca064505
dossiers_specimen_10_patientes-63.png,63,8,7,NanumPen-Regular,8d04ee2b783c967833372d212ba1d1ea0b1a3db770b3485978e4c857a0698d54
dossiers_specimen_10_patientes-64.png,64,8,8,NanumPen-Regular,3b1ac2c9e972c7284c18dc55cd8782f80e65ce5590ea3363125f059aa33904fc
dossiers_specimen_10_patientes-65.png,65,9,1,Gaegu-Regular,98225233196867ee41b92b48fe5d87d82da4897ea1b6e4f61ae6e2c1e14efa51
dossiers_specimen_10_patientes-66.png,66,9,2,Gaegu-Regular,71f8834e65f1d3d1abb8170b9e27e46b0d5157da77412cded40bade722101270
dossiers_specimen_10_patientes-67.png,67,9,3,Gaegu-Regular,c17cfcca195f28d8ca3dc78e7068311c5a5885d5245c5b45df53bc5a1fdd6050
dossiers_specimen_10_patientes-68.png,68,9,4,Gaegu-Regular,8dddfec0c1cd98723696a2acf2b2782ab7cfa23da872150d6885ea1f06bc6659
dossiers_specimen_10_patientes-69.png,69,9,5,Gaegu-Regular,75dcd71471fe09dc21326aa0907054daf0f74386ac0de3dc7f659fabd6ca367c
dossiers_specimen_10_patientes-70.png,70,9,6,Gaegu-Regular,42bfe62e7eda705e768d6bc94918669e232e2bd410b5014df2a0ace1eb32fc62
dossiers_specimen_10_patientes-71.png,71,9,7,Gaegu-Regular,26afff348f4af46f4a0a35ac96c32694450dc493a2b3bcd4d51734e7abc2fe9b
dossiers_specimen_10_patientes-72.png,72,9,8,Gaegu-Regular,6441e5d61a90f5db3180585a43c2bbcda94bad318c48aa4aa6ac094811efa94d
dossiers_specimen_10_patientes-73.png,73,10,1,ReenieBeanie,df166c198089713c7c12428d4e87c1756592397d596889909a817c777940857f
dossiers_specimen_10_patientes-74.png,74,10,2,ReenieBeanie,126cd0bcb6530fdb581255d3952ccf55dda74cc3c91279e119de564458acbe36
dossiers_specimen_10_patientes-75.png,75,10,3,ReenieBeanie,c56519bf4d02bde61ee87f262c490eea3047011340f9caee21840cd1c51812e7
dossiers_specimen_10_patientes-76.png,76,10,4,ReenieBeanie,3927b908124ce9ebe32b0c106b04372e25ac74a279ef517266915bd13f1aeccc
dossiers_specimen_10_patientes-77.png,77,10,5,ReenieBeanie,8237a9c57214f7d654025af427d9410dcd69c0bd11c67c9744df75ad99562fc3
dossiers_specimen_10_patientes-78.png,78,10,6,ReenieBeanie,0cbdde6d8878748493e3001a42cb416f1f1d298077759411ed6d4dd640777968
dossiers_specimen_10_patientes-79.png,79,10,7,ReenieBeanie,72f840b37155b761ada820a94630e4f0371a7ae2cb8815ac5f63dbbbeda4efc0
dossiers_specimen_10_patientes-80.png,80,10,8,ReenieBeanie,62d034d1793a3169e4a859a31ad97b08c8fa45fdebd196895505e30ec4c143d8
